id,title,status
Q138793787,"1+1+1 Life, Love, Chaos",429
Q134083298,1-800-On-Her-Own,429
Q131929176,100 Litres of Gold,429
Q124414981,105 Minuttess,429
Q125081677,10 Lives,429
Q130285024,11 Rebels,429
Q130646746,12 Gaun,429
Q127222131,14 (film),429
Q123354231,18×2 Beyond Youthful Days,429
Q125224333,1957 (film),429
Q65117673,1970 Love Story,429
Q132156334,1978 (film),429
Q121365761,1992 (film),429
Q124683439,1995 (film),429
Q117038174,200% Wolf,429
Q127785559,2073 (film),429
Q130240872,35 Chinna Katha Kaadu,429
Q124080299,40 Acres (film),429
Q128010704,"50 YouTubers Fight for $1,000,000",429
Q130313597,5D (film),429
Q127417468,7/G,429
Q123421847,72 Hours (2024 film),429
Q130460153,78 Days,429
Q124848092,7 Beats per Minute,429
Q131431485,"7 Days, 7 Nights",429
Q134972717,7 Walks with Mark Brown,429
Q131412606,840 (film),429
Q124797677,8 Don 75,429
Q125599520,8 Views of Lake Biwa,429
Q131192060,9 Windows,429
Q124746677,Aa Okkati Adakku (2024 film),429
Q124340421,Aakhir Palaayan Kab Tak,429
Q125361126,Aalakaalam,429
Q130479158,Aalan,429
Q132183155,Aanandhapuram Diaries,429
Q131299422,Aaraam Arvind Swamy,429
Q130321496,Aaragan,429
Q128795996,Aarambham (2024 film),429
Q136031770,Aaryamala,429
Q125372922,Aavesham (2024 film),429
Q129169439,Aay (film),429
Q130383567,Aayushmati Geeta Matric Pass,429
Q126181334,Ababooned,429
Q125962661,Abbabba,429
Q137585440,Abdo & Saneya,429
Q127788482,Aberdeen (2024 film),429
Q131375186,An Abandoned Team,429
Q131724918,The 21,429
Q115774787,The 47,429
Q125299860,The 4:30 Movie (film),429
Q127514862,Abhi (2024 film),429
Q131401213,Abhirami (2024 film),429
Q123915279,Abi-e Roshan,429
Q120758628,Abigail (2024 film),429
Q130597944,About Family,429
Q121792039,Abraham Ozler,429
Q116029515,Absolution (2024 film),429
Q119362769,Accident or Conspiracy: Godhra,429
Q125831350,Across the Sea (film),429
Q131355269,Adam Sandler: Love You,429
Q125920478,Adam the First,429
Q129824701,Adbhut,429
Q123923389,Ade (On a Sunday),429
Q129485952,Adharma Kadhaigal,429
Q127694552,Adios Amigo (2024 film),429
Q124852853,Adrianne and the Castle,429
Q134452566,Adult Best Friends,429
Q131456640,Adult Swim Yule Log 2: Branchin' Out,429
Q116689545,Ae Watan Mere Watan,429
Q134125266,Affections (film),429
Q115859045,Afraid (film),429
Q126189107,African Giants,429
Q130739970,After Party (film),429
Q124301757,After the Odyssey,429
Q130307913,After the Silence,429
Q131920957,Aftermath (2024 film),429
Q130354631,Afternoons of Solitude,429
Q124445384,Agak Laen,429
Q125243820,Agastya: Chapter 1,429
Q125993682,Agent Recon,429
Q125568729,Agent of Happiness,429
Q131194522,Agni (2024 film),429
Q126520857,Agontuk,429
Q131613345,Aham Reboot,429
Q131177610,Aho Vikramaarka,429
Q124409344,Air Force One Down,429
Q130369929,Aire: Just Breathe,429
Q125845818,Ajogyo,429
Q125758689,Akkaran,429
Q125510636,Alaap (2024 film),429
Q131583971,Alakada: Bad and Boujee,429
Q131549325,Alangu,429
Q125790356,Albany Road,429
Q136765310,Alberta Number One,429
Q131299426,Alec Guinness: A Class Act,429
Q132732167,Aïcha (film),429
Q123862092,The Adamant Girl,429
Q126173612,The Akaali,429
Q118646219,AMFAD All My Friends Are Dead,429
Q130375729,Algiers (2024 film),429
Q125175058,Alibaba Aani Chalishitale Chor,429
Q115932544,Alien: Romulus,429
Q116499151,Alienoid: Return to the Future,429
Q130270908,Alipato at Muog,429
Q127945769,Aliya Basu Gayab Hai,429
Q137376106,All's Fair in Love (2024 film),429
Q131840038,All Access to Rossa 25 Shining Years,429
Q123823141,All Shall Be Well (film),429
Q129642032,All Stirred Up!,429
Q136391118,All That We Love,429
Q125422662,All We Imagine as Light,429
Q131391985,All We Need Is Time,429
Q131336673,All for One (2024 film),429
Q129099102,All of You (2024 film),429
Q124577250,All the Long Nights,429
Q130325726,All the Lost Ones,429
Q126285661,Allahr Vres,429
Q131341668,Allen Sunshine,429
Q128115778,Almost Legal,429
Q136089462,Almost Popular,429
Q124949890,Alone in the Night (2024 film),429
Q135319629,Alpha.,429
Q131456643,Altered (2024 film),429
Q105393825,Altered Reality,429
Q127788483,Alyad Palyad,429
Q127830620,Am I Racist?,429
Q125763417,Amaltash,429
Q130412404,Amar Prem Ki Prem Kahani,429
Q124728747,Amar Singh Chamkila (film),429
Q123119123,Amaran (2024 film),429
Q123354222,Amazon Bullseye,429
Q124334555,Ambajipeta Marriage Band,429
Q130553709,Amber Alert (film),429
Q125417897,Ameena (film),429
Q126924331,America's Burning,429
Q132190060,American MILF,429
Q124285697,American Star (film),429
Q124883610,Amigo Garage,429
Q136083532,Among Mountains and Streams,429
Q138347965,Amongst the Wolves,429
Q130479160,An Almost Christmas Story,429
Q130532446,An Taibhse,429
Q134081140,Anak Kolong,429
Q126734386,Anand Sreebala,429
Q117878418,Anathema (film),429
Q125053503,Anchakkallakokkan,429
Q129167527,The American Backyard,429
Q123690415,The American Society of Magical Negroes,429
Q115516527,ARM (film),429
Q124844894,An Army of Women,429
Q127377892,And Mrs,429
Q130717306,And So It Begins (film),429
Q124252667,And Their Children After Them (film),429
Q125526655,And the Breadwinner Is...,429
Q105987024,Andhagan,429
Q120328157,Andrea Gets a Divorce,429
Q130558714,Angela's Shadow,429
Q118402573,Angels Fallen: Warriors of Peace,429
Q133893385,Animalia Paradoxa (film),429
Q126478661,Anjaamai,429
Q124334456,Another End,429
Q124650912,Another Summer Holiday,429
Q130476866,Anpanman: Baikinman and Lulun in the Picture Book,429
Q126436355,Antidote (2024 film),429
Q127406467,Antima Theerpu (2024 film),429
Q131716634,Anuja (film),429
Q125448417,Destroy All Neighbors,429
Q118384191,Detained (2024 film),429
Q123354230,Detective Conan: The Million-dollar Pentagram,429
Q133871364,Detours Ahead,429
Q131177897,Devaki Nandana Vasudeva,429
Q118502010,Devara: Part 1,429
Q135767248,Deviant (2024 film),429
Q124432902,Devil (2024 film),429
Q130525102,Devil Dog Road,429
Q124365956,Devo (film),429
Q123222601,Deyaler Desh,429
Q124804867,Dhaaak,429
Q131177878,Dhakshina (film),429
Q130907257,Dharmarakshak Mahaveer Chhatrapati Sambhaji Maharaj,429
Q126950913,Dharmaveer 2,429
Q124460444,Dheera (2024 film),429
Q131524450,Dheydharu Ruin,429
Q130378543,Dhil Raja,429
Q130309829,Dhonima,429
Q129750759,Dhoom Dhaam (2024 film),429
Q134300317,Dhrubor Aschorjo Jibon,429
Q131545404,Diamonds (2024 film),429
Q136378600,Diamonds in the Sand,429
Q129130325,Diciannove,429
Q115806052,The Deliverance (film),429
Q130639291,The Demon Disorder,429
Q130416909,The Deserving,429
Q123474846,The Desperate Chase (film),429
Q123992189,The Devil's Bath,429
Q137534365,The Devil Is Busy,429
Q129905515,The Diary of West Bengal,429
Q117272474,A Different Man,429
Q126910699,DNA (2024 film),429
Q125758673,Die Alone,429
Q124544671,Direct Action (film),429
Q134463478,Director's Cut (2024 film),429
Q116881172,Dirty Angels,429
Q129909271,Dirty Fellow,429
Q129652262,Disco's Revenge (film),429
Q123530886,"Disco, Ibiza, Locomía",429
Q131315535,Dismantling an Elephant,429
Q133460315,Dismissed (film),429
Q127709937,Diva Futura (film),429
Q130381610,Divorce (2024 film),429
Q126371797,Divorce in the Black,429
Q124304410,Do Aur Do Pyaar,429
Q130220340,Do I Know You from Somewhere?,429
Q129485961,Do Not Enter (2024 film),429
Q130424855,Do Patti,429
Q124499929,Dog Days (2024 film),429
Q125422670,Dog on Trial,429
Q124847512,Doin' It (film),429
Q130381753,"Don't Cry, Butterfly",429
Q128695129,Don't Let's Go to the Dogs Tonight (film),429
Q121555343,Don't Move (2024 film),429
Q124691134,Don't Tell Mom the Babysitter's Dead (2024 film),429
Q136198381,Don't You Let Me Go,429
Q133740205,Dongeng Sang Kancil,429
Q128847530,Doosra (2024 film),429
Q130375731,Dopamine @ 2.22,429
Q120379797,Doraemon: Nobita's Earth Symphony,429
Q123475104,Double Engine (2024 film),429
Q125307211,Double Tuckerr,429
Q124328977,Double iSmart,429
Q133202883,Dragfox,429
Q117075097,Dragonkeeper (film),429
Q130355856,Drained (2024 film),429
Q126912636,Drawing Closer,429
Q132197254,DreadClub: Vampire's Verdict,429
Q129759798,Dreams (Sex Love),429
Q128259151,Dreams in Nightmares,429
Q117769481,Drive-Away Dolls,429
Q129583272,Drive Back Home,429
Q134055590,Drop Dead City,429
Q129257016,Drowning Dry,429
Q124395545,Drugstore June,429
Q116995997,Dry Season (2024 film),429
Q131531918,Duchess (film),429
Q126951332,Duino (film),429
Q126370473,The Dog Thief,429
Q124134937,The Dream of Ariana,429
Q126734280,An Emperor's Jewel: The Making of the Bulgari Hotel Roma,429
Q124714427,Dukaan,429
Q109228991,Dune: Part Two,429
Q124334446,Dying (2024 film),429
Q124532589,E-mail (film),429
Q130223308,E.1027: Eileen Gray and the House by the Sea,429
Q131406167,ED: Extra Decent,429
Q123484839,Eagle (2024 film),429
Q131721340,EarthWorm (film),429
Q125831683,Eat the Night,429
Q135678456,Ebony & Ivory (film),429
Q128153058,Ebrohimie Road: A Museum of Memory,429
Q123472177,Eden (2024 film),429
Q134435697,Edge of Space,429
Q132682994,Edge of Summer,429
Q128635597,Eephus,429
Q131299423,Eesaraina,429
Q127328711,Eight Postcards from Utopia,429
Q124130062,Einstein and the Bomb,429
Q130236373,Ek Kori Prem Katha,429
Q123936408,Elbow (film),429
Q125825855,Election (2024 film),429
Q133573214,Electra (2024 film),429
Q127606058,Electric Child,429
Q117455307,Elevation (film),429
Q136722802,Elijah (2024 film),429
Q125925220,Elizabeth Taylor: The Lost Tapes,429
Q131178545,Ella (film),429
Q130456127,Ellen DeGeneres: For Your Approval,429
Q124331585,Ellipsis (film),429
Q127377886,Elton John: Never Too Late,429
Q126897808,Emagadhagan,429
Q130750631,Emakku Thozhil Romance,429
Q131158483,Emergent City,429
Q123928072,Emilia Pérez,429
Q112054990,Emmanuelle (2024 film),429
Q124320668,Eno (2024 film),429
Q130759498,Entropic Memory,429
Q125536220,Eppodhum Raja,429
Q125925221,Ernest Cole: Lost and Found,429
Q123354205,Escape (2024 South Korean film),429
Q119702307,Escape (2024 Spanish film),429
Q130168568,Escape from Germany,429
Q126942870,Escape from the 21st Century,429
Q130615105,Espantaho,429
Q125561056,Eta Amader Golpo,429
Q130396871,The Embers (film),429
Q111209750,The Empire (film),429
Q130743776,The Enchanted Tinderbox,429
Q117287129,The End (2024 film),429
Q124362644,A Family (2024 film),429
Q116599963,A Family Affair (2024 film),429
Q129206701,EVOL (film),429
Q5402697,Eternal Theater,429
Q130535508,Eternal Visionary,429
Q124342189,Eternal You,429
Q124858154,Every Little Thing (film),429
Q124308575,Every You Every Me (film),429
Q131450476,Everybody Loves Jenifa,429
Q125951554,Everybody Loves Touda,429
Q132322747,Everything That Will Happen Has Already Happened,429
Q130379824,Everything to Me (film),429
Q124336059,Exergue – on documenta 14,429
Q123782116,Exhibiting Forgiveness,429
Q117322466,Exhuma,429
Q135523452,Exodus (2024 film),429
Q133354268,Exorcism Chronicles: The Beginning,429
Q132744749,Extras (2024 film),429
Q126918442,Extremely Unique Dynamic,429
Q125157673,Fairy Folk,429
Q127691677,Fakt Purusho Maate,429
Q128914836,Familia (2024 film),429
Q130164694,Familiar Touch,429
Q130198891,Family Affairs (film),429
Q131195878,Family Album (2024 Argentine film),429
Q130296533,Family Album (2024 Peruvian film),429
Q128872315,Family Drama (2024 film),429
Q135400563,Family Gbese,429
Q124388086,Family Pack (2024 film),429
Q131313220,Family Padam,429
Q125585520,Family Therapy (film),429
Q130367885,Fanatical: The Catfishing of Tegan and Sara,429
Q128796148,Fantas,429
Q131308622,Far Out: Life On & After the Commune,429
Q126954879,Farki Farki,429
Q130394854,Farmer's Bride,429
Q125340174,Fasel Men El Lahazat El Lazeeza,429
Q123762991,Father There Is Only One 4,429
Q125983338,Fatima (2024 film),429
Q124334371,Favoriten (film),429
Q125983496,Faye (film),429
Q131453340,Fear (2024 film),429
Q137674627,Fear and Love: The Story of The Exorcist,429
Q135431233,La familia del barrio: La película,429
Q130375723,The Exiles (2024 film),429
Q73792046,The Exorcism (film),429
Q125888132,The Experts (2024 film),429
Q123353612,The Fabulous Four,429
Q113671585,The Fall Guy (2024 film),429
Q123141571,The Family Star,429
Q126617482,A Few Moments of Cheers,429
Q126182120,Federer: Twelve Final Days,429
